{"cameraMode":{"drawMode":0,"name":"Shaded","section":"Shading Mode"},"sceneLighting":false,"audioPlay":false,"sceneViewState":{"m_AlwaysRefresh":false,"showFog":true,"showSkybox":true,"showFlares":true,"showImageEffects":true,"showParticleSystems":true,"showVisualEffectGraphs":true,"m_FxEnabled":true},"in2DMode":false,"pivot":{"x":2.7199437618255617,"y":-127.08439636230469,"z":5.522245407104492},"rotation":{"x":-0.6852740049362183,"y":-0.007427871692925692,"z":0.007869451306760311,"w":-0.7285372614860535},"size":81.58326721191406,"orthographic":false}