{"cameraMode":{"drawMode":0,"name":"Shaded","section":"Shading Mode"},"sceneLighting":false,"audioPlay":false,"sceneViewState":{"m_AlwaysRefresh":false,"showFog":true,"showSkybox":false,"showFlares":true,"showImageEffects":true,"showParticleSystems":true,"showVisualEffectGraphs":true,"m_FxEnabled":true},"in2DMode":false,"pivot":{"x":958.3524169921875,"y":503.4658508300781,"z":-10.154167175292969},"rotation":{"x":-0.16455785930156709,"y":0.0020683887414634229,"z":-0.00034631177550181746,"w":-0.986370325088501},"size":313.6645812988281,"orthographic":false}